PassengerId,Survived,Pclass,Name,Sex,Age,SibSp,Parch,Ticket,Fare,Cabin,Embarked
1,0,1,Passenger 1,male,68,1,0,A/5 21171,20.362538053644787,nan,S
2,0,3,Passenger 2,female,30,2,2,A/5 21171,462.05731203289406,nan,Q
3,0,1,Passenger 3,female,66,2,0,A/5 21171,424.5364230970086,C123,S
4,0,2,Passenger 4,male,18,2,0,A/5 21171,277.4931186689592,B456,Q
5,1,1,Passenger 5,male,21,2,1,A/5 21171,413.84101886450173,nan,C
6,1,2,Passenger 6,female,30,2,1,A/5 21171,74.46981710183631,C123,Q
7,1,1,Passenger 7,female,48,2,1,A/5 21171,257.5555717777512,C123,C
8,1,1,Passenger 8,male,13,2,1,A/5 21171,51.77481184227708,B456,C
9,0,2,Passenger 9,male,69,1,1,A/5 21171,318.141737570618,E789,Q
10,0,3,Passenger 10,female,7,1,2,A/5 21171,106.3601619726364,C123,C
11,1,3,Passenger 11,female,40,2,0,A/5 21171,309.3742183418156,nan,Q
12,0,1,Passenger 12,male,72,1,1,A/5 21171,321.2468725653807,E789,Q
13,1,3,Passenger 13,male,65,1,2,A/5 21171,475.27111041551717,nan,Q
14,0,2,Passenger 14,male,70,1,1,A/5 21171,460.2279764435428,C123,C
15,1,3,Passenger 15,male,50,1,1,A/5 21171,453.40407450115947,E789,Q
16,0,2,Passenger 16,male,76,1,2,A/5 21171,249.82610518238076,B456,S
17,0,3,Passenger 17,female,18,1,0,A/5 21171,190.60543317066046,B456,S
18,1,3,Passenger 18,female,52,2,2,A/5 21171,270.06408451847375,E789,Q
19,1,3,Passenger 19,male,24,0,0,A/5 21171,504.26842389959495,B456,Q
20,0,1,Passenger 20,male,19,1,0,A/5 21171,19.7982286829722,B456,S
21,0,1,Passenger 21,male,79,1,2,A/5 21171,452.43601280618185,B456,S
22,0,2,Passenger 22,female,32,2,0,A/5 21171,270.4221926879597,E789,S
23,0,1,Passenger 23,female,7,2,0,A/5 21171,430.97377956699864,B456,Q
24,0,2,Passenger 24,female,68,0,2,A/5 21171,20.59522208983495,nan,C
25,1,3,Passenger 25,male,53,0,1,A/5 21171,408.4258002738837,E789,S
26,1,3,Passenger 26,male,58,2,0,A/5 21171,329.93174185304525,B456,S
27,0,1,Passenger 27,female,46,1,1,A/5 21171,438.7447410874927,B456,Q
28,0,3,Passenger 28,female,57,0,0,A/5 21171,279.7633689230474,B456,S
29,0,1,Passenger 29,male,29,1,1,A/5 21171,383.29918282553183,E789,S
30,0,2,Passenger 30,female,66,1,1,A/5 21171,319.8058822435218,C123,S
31,1,3,Passenger 31,female,5,1,0,A/5 21171,18.673294772518492,nan,C
32,1,2,Passenger 32,female,6,1,1,A/5 21171,312.7145211909761,B456,C
33,1,3,Passenger 33,male,29,0,0,A/5 21171,481.3237623572167,B456,Q
34,0,2,Passenger 34,male,12,0,1,A/5 21171,506.9250828656223,E789,S
35,0,2,Passenger 35,male,5,0,0,A/5 21171,124.21847117748246,E789,C
36,0,1,Passenger 36,female,38,0,2,A/5 21171,8.78721748903042,nan,C
37,1,2,Passenger 37,female,55,1,0,A/5 21171,133.3366935207286,E789,S
38,1,1,Passenger 38,female,12,0,0,A/5 21171,42.69051096929701,nan,C
39,1,3,Passenger 39,male,41,0,2,A/5 21171,294.99512074196815,E789,Q
40,1,3,Passenger 40,female,61,2,1,A/5 21171,40.680438268423885,E789,Q
41,0,2,Passenger 41,male,12,0,2,A/5 21171,350.4164994058714,nan,C
42,0,3,Passenger 42,female,48,0,0,A/5 21171,70.86199352630327,nan,C
43,0,3,Passenger 43,male,36,0,0,A/5 21171,22.22128121486607,B456,S
44,0,1,Passenger 44,male,59,0,2,A/5 21171,393.65666794972464,nan,Q
45,1,3,Passenger 45,male,62,2,1,A/5 21171,47.64864648035081,E789,C
46,1,3,Passenger 46,male,33,1,2,A/5 21171,164.71565864143068,C123,S
47,1,2,Passenger 47,male,55,2,1,A/5 21171,313.43424935426066,nan,C
48,1,3,Passenger 48,female,77,1,1,A/5 21171,162.9322577159384,nan,C
49,1,3,Passenger 49,male,33,0,0,A/5 21171,285.8880751444955,E789,Q
50,1,3,Passenger 50,female,63,0,1,A/5 21171,104.42664157157559,nan,S
51,0,2,Passenger 51,male,3,0,2,A/5 21171,239.549125311595,E789,C
52,0,2,Passenger 52,male,77,2,0,A/5 21171,397.65245940311837,C123,Q
53,0,3,Passenger 53,female,44,0,1,A/5 21171,486.06591699495493,C123,Q
54,0,2,Passenger 54,female,67,1,0,A/5 21171,152.91217157922367,E789,S
55,0,2,Passenger 55,female,75,1,2,A/5 21171,264.9723121502709,B456,S
56,0,1,Passenger 56,male,1,1,2,A/5 21171,349.7913723333748,nan,Q
57,1,1,Passenger 57,female,9,2,2,A/5 21171,427.4979088426183,C123,Q
58,1,3,Passenger 58,male,2,2,0,A/5 21171,216.08826606821174,C123,Q
59,0,2,Passenger 59,male,40,1,0,A/5 21171,415.53679922823346,E789,Q
60,1,3,Passenger 60,male,4,0,2,A/5 21171,55.39217720819978,nan,C
61,1,1,Passenger 61,male,55,2,1,A/5 21171,377.68600553401234,E789,S
62,0,3,Passenger 62,male,40,2,2,A/5 21171,421.3419295848998,E789,C
63,0,1,Passenger 63,female,29,1,2,A/5 21171,479.4616677597061,E789,Q
64,0,2,Passenger 64,female,76,0,0,A/5 21171,193.181482218128,C123,Q
65,1,1,Passenger 65,female,6,2,2,A/5 21171,403.1910006570888,B456,Q
66,1,3,Passenger 66,male,75,1,2,A/5 21171,270.3324455071343,C123,Q
67,0,3,Passenger 67,female,59,2,1,A/5 21171,45.35060464632919,nan,Q
68,0,1,Passenger 68,female,4,2,2,A/5 21171,4.249239001115319,B456,S
69,1,2,Passenger 69,female,49,2,0,A/5 21171,274.6801987387975,C123,S
70,1,1,Passenger 70,male,79,1,1,A/5 21171,198.50511724813245,B456,Q
71,0,2,Passenger 71,male,21,2,1,A/5 21171,332.3134384006694,B456,Q
72,1,3,Passenger 72,male,79,2,0,A/5 21171,439.881760037097,B456,Q
73,1,1,Passenger 73,female,36,0,0,A/5 21171,276.1813219801256,B456,Q
74,0,1,Passenger 74,female,79,1,1,A/5 21171,383.8581376330034,C123,S
75,1,1,Passenger 75,female,40,1,0,A/5 21171,188.29014142538088,E789,Q
76,1,2,Passenger 76,male,32,1,1,A/5 21171,204.8787803540408,C123,Q
77,0,2,Passenger 77,male,44,2,0,A/5 21171,461.8097483775893,B456,C
78,0,3,Passenger 78,female,22,2,0,A/5 21171,366.807334240245,C123,C
79,0,3,Passenger 79,male,73,0,0,A/5 21171,14.78410166801284,E789,Q
80,1,3,Passenger 80,female,65,1,2,A/5 21171,120.78035113362117,E789,S
81,0,1,Passenger 81,male,33,1,0,A/5 21171,446.9202075081831,C123,S
82,0,3,Passenger 82,female,29,0,2,A/5 21171,342.8414540500747,nan,Q
83,0,2,Passenger 83,male,46,2,0,A/5 21171,471.61104497868666,E789,C
84,1,2,Passenger 84,male,30,1,2,A/5 21171,58.42236638128421,nan,C
85,0,1,Passenger 85,female,16,2,0,A/5 21171,136.71104108886004,B456,S
86,0,3,Passenger 86,female,19,2,2,A/5 21171,44.15528054898231,E789,S
87,1,3,Passenger 87,female,55,0,0,A/5 21171,231.1200493264499,C123,C
88,1,3,Passenger 88,male,3,0,2,A/5 21171,141.05236434271941,B456,S
89,1,3,Passenger 89,female,19,2,2,A/5 21171,39.58931683079546,C123,Q
90,0,3,Passenger 90,male,78,2,0,A/5 21171,461.14264452028976,nan,S
91,0,1,Passenger 91,female,44,2,0,A/5 21171,405.3371890102146,C123,Q
92,1,2,Passenger 92,male,37,1,0,A/5 21171,460.9020402155547,C123,C
93,1,3,Passenger 93,male,44,2,1,A/5 21171,140.237278607997,B456,C
94,0,1,Passenger 94,female,43,1,1,A/5 21171,461.4718581050378,nan,C
95,1,1,Passenger 95,female,1,0,2,A/5 21171,76.79810124296681,nan,S
96,0,2,Passenger 96,female,3,2,1,A/5 21171,410.1543339259999,E789,Q
97,1,2,Passenger 97,female,33,1,2,A/5 21171,281.5614262677422,B456,C
98,1,2,Passenger 98,female,65,2,0,A/5 21171,461.0539562918997,B456,Q
99,1,2,Passenger 99,male,42,0,0,A/5 21171,201.42539379696365,E789,S
100,0,2,Passenger 100,male,17,0,0,A/5 21171,459.63809761288945,B456,Q
101,1,2,Passenger 101,male,75,2,1,A/5 21171,82.64072206107893,E789,C
102,0,1,Passenger 102,female,20,1,1,A/5 21171,505.87980439459193,B456,S
103,1,3,Passenger 103,male,12,1,0,A/5 21171,82.28662668323992,nan,Q
104,1,1,Passenger 104,male,64,1,0,A/5 21171,445.93027605865126,C123,S
105,0,1,Passenger 105,male,69,2,1,A/5 21171,251.20606578419842,C123,C
106,0,1,Passenger 106,male,65,0,2,A/5 21171,445.7016909423634,E789,S
107,0,2,Passenger 107,male,28,1,0,A/5 21171,216.39110418375773,C123,S
108,0,3,Passenger 108,male,17,2,0,A/5 21171,398.80325235382196,B456,Q
109,0,1,Passenger 109,female,70,1,1,A/5 21171,381.0341778151138,E789,C
110,0,1,Passenger 110,female,67,0,2,A/5 21171,156.54110853355135,nan,Q
111,0,2,Passenger 111,female,10,0,0,A/5 21171,43.468899942076064,B456,S
112,1,1,Passenger 112,male,52,0,0,A/5 21171,396.1809066091697,nan,Q
113,1,2,Passenger 113,female,41,0,1,A/5 21171,503.40278077672946,B456,Q
114,0,3,Passenger 114,female,20,1,1,A/5 21171,444.4951465913648,C123,C
115,0,3,Passenger 115,male,40,1,2,A/5 21171,468.04898281345265,C123,Q
116,0,2,Passenger 116,male,21,0,2,A/5 21171,262.48262272506867,nan,S
117,0,1,Passenger 117,male,39,0,2,A/5 21171,88.95203917922792,E789,C
118,0,3,Passenger 118,male,67,2,0,A/5 21171,482.8477238065357,nan,C
119,1,3,Passenger 119,male,68,2,2,A/5 21171,82.3799121789626,B456,S
120,0,1,Passenger 120,female,69,2,0,A/5 21171,412.57142338516127,nan,S
121,0,1,Passenger 121,female,63,2,2,A/5 21171,299.96858264993426,nan,S
122,0,3,Passenger 122,male,60,0,2,A/5 21171,274.67201922212064,E789,Q
123,0,2,Passenger 123,male,15,1,1,A/5 21171,57.92171096555378,C123,S
124,1,3,Passenger 124,male,53,2,2,A/5 21171,225.95874295444744,nan,S
125,0,3,Passenger 125,male,59,0,1,A/5 21171,258.36999249198817,E789,C
126,0,3,Passenger 126,female,66,1,0,A/5 21171,17.526827413373674,nan,Q
127,0,3,Passenger 127,male,16,0,0,A/5 21171,183.43056948783774,C123,C
128,0,1,Passenger 128,male,39,0,2,A/5 21171,438.2770760171377,nan,Q
129,0,3,Passenger 129,male,7,2,0,A/5 21171,486.5947434968438,C123,Q
130,1,3,Passenger 130,male,46,2,2,A/5 21171,246.21509800148354,B456,S
131,1,3,Passenger 131,female,19,2,2,A/5 21171,500.3705115957305,nan,C
132,1,1,Passenger 132,female,18,1,1,A/5 21171,383.68046571701575,B456,Q
133,1,3,Passenger 133,male,71,0,0,A/5 21171,354.29908244868795,nan,S
134,0,2,Passenger 134,female,1,2,2,A/5 21171,21.61345016177127,nan,Q
135,0,3,Passenger 135,female,15,0,1,A/5 21171,316.20003089168904,nan,Q
136,1,1,Passenger 136,male,78,1,0,A/5 21171,466.2651610051503,C123,C
137,0,1,Passenger 137,female,52,2,2,A/5 21171,64.47857593863452,E789,S
138,0,2,Passenger 138,male,69,1,0,A/5 21171,427.5550450212419,nan,C
139,1,3,Passenger 139,male,77,0,0,A/5 21171,181.8970970272743,E789,C
140,1,1,Passenger 140,male,63,2,1,A/5 21171,342.495757113555,nan,C
141,0,1,Passenger 141,female,37,1,1,A/5 21171,0.7695089551487896,E789,S
142,0,2,Passenger 142,female,12,0,0,A/5 21171,352.16493694403067,B456,S
143,0,2,Passenger 143,male,59,1,2,A/5 21171,263.66150468383296,B456,Q
144,1,1,Passenger 144,female,61,1,2,A/5 21171,345.72547289243727,E789,C
145,0,1,Passenger 145,female,27,0,2,A/5 21171,179.59281213993214,C123,S
146,1,2,Passenger 146,female,1,2,0,A/5 21171,419.5547884226246,nan,S
147,0,3,Passenger 147,male,11,2,2,A/5 21171,38.31119033856526,B456,Q
148,1,3,Passenger 148,male,59,2,1,A/5 21171,371.03619334103223,B456,S
149,0,2,Passenger 149,female,34,2,2,A/5 21171,126.28550539132603,nan,C
150,1,1,Passenger 150,female,74,2,2,A/5 21171,281.3725036784935,B456,Q
151,1,2,Passenger 151,male,56,1,0,A/5 21171,362.44749925208663,C123,S
152,1,3,Passenger 152,female,60,2,0,A/5 21171,441.3733960482349,E789,Q
153,1,1,Passenger 153,female,56,0,2,A/5 21171,363.04497811806266,B456,Q
154,0,2,Passenger 154,male,71,2,2,A/5 21171,76.81181912715024,nan,Q
155,1,1,Passenger 155,male,51,0,2,A/5 21171,63.49272073700297,E789,S
156,0,3,Passenger 156,female,72,2,1,A/5 21171,176.51528032224508,C123,Q
157,0,2,Passenger 157,male,31,2,1,A/5 21171,304.7970324987993,E789,C
158,1,2,Passenger 158,female,16,1,1,A/5 21171,458.2013318899956,C123,S
159,1,3,Passenger 159,male,5,0,1,A/5 21171,95.34789338987756,C123,Q
160,0,2,Passenger 160,male,61,2,2,A/5 21171,216.4074836833462,C123,C
161,0,2,Passenger 161,male,1,2,2,A/5 21171,138.4294112795259,B456,S
162,0,1,Passenger 162,male,51,1,1,A/5 21171,294.96966424058985,B456,S
163,0,1,Passenger 163,male,23,0,0,A/5 21171,28.922057168460483,B456,S
164,1,3,Passenger 164,male,19,0,1,A/5 21171,81.45559850063393,nan,C
165,1,3,Passenger 165,female,68,0,0,A/5 21171,97.06465577761817,C123,S
166,0,1,Passenger 166,male,25,0,0,A/5 21171,416.4633118616789,B456,S
167,0,3,Passenger 167,female,28,2,2,A/5 21171,503.3811173100795,E789,Q
168,0,2,Passenger 168,female,33,1,2,A/5 21171,236.1267845894143,E789,C
169,0,2,Passenger 169,male,53,2,1,A/5 21171,353.0318251558852,B456,S
170,1,2,Passenger 170,female,65,1,2,A/5 21171,100.40561374012073,E789,Q
171,1,2,Passenger 171,male,11,0,2,A/5 21171,337.3218314425917,C123,S
172,0,1,Passenger 172,female,73,0,1,A/5 21171,172.2293019467918,E789,C
173,1,3,Passenger 173,male,1,2,0,A/5 21171,143.35720352449118,C123,Q
174,0,1,Passenger 174,female,25,1,1,A/5 21171,251.57551825288047,E789,C
175,0,3,Passenger 175,male,70,2,0,A/5 21171,240.6133451307295,nan,S
176,0,2,Passenger 176,male,14,1,0,A/5 21171,388.6309756343512,C123,S
177,1,2,Passenger 177,male,38,1,0,A/5 21171,274.1579042682103,B456,C
178,1,1,Passenger 178,male,70,2,2,A/5 21171,298.5681687225636,C123,C
179,0,2,Passenger 179,male,38,2,0,A/5 21171,88.39399926687834,C123,C
180,1,1,Passenger 180,female,59,0,0,A/5 21171,56.1642840004754,B456,C
181,1,3,Passenger 181,female,66,1,2,A/5 21171,193.00533297391084,B456,S
182,0,3,Passenger 182,female,67,0,1,A/5 21171,182.30501456942454,E789,C
183,0,2,Passenger 183,male,68,2,1,A/5 21171,188.44018186696945,B456,Q
184,0,2,Passenger 184,male,76,0,2,A/5 21171,241.55904479039557,C123,Q
185,0,1,Passenger 185,male,78,0,1,A/5 21171,109.34920718606111,B456,Q
186,0,1,Passenger 186,female,36,2,0,A/5 21171,284.32062472966174,B456,S
187,0,2,Passenger 187,female,62,2,0,A/5 21171,100.69200916424471,B456,C
188,1,3,Passenger 188,female,78,0,0,A/5 21171,195.97280456233034,C123,S
189,1,1,Passenger 189,male,73,0,1,A/5 21171,33.9951185013444,E789,C
190,1,2,Passenger 190,female,19,0,0,A/5 21171,221.1705342671527,nan,S
191,0,2,Passenger 191,female,71,0,1,A/5 21171,298.4865446900448,B456,C
192,0,2,Passenger 192,female,11,1,0,A/5 21171,98.7046104548882,B456,S
193,0,3,Passenger 193,male,49,0,1,A/5 21171,373.54313726588964,C123,C
194,1,1,Passenger 194,female,16,0,1,A/5 21171,441.2716558601905,B456,Q
195,0,1,Passenger 195,female,42,1,2,A/5 21171,375.9775391419636,E789,Q
196,1,1,Passenger 196,male,63,1,1,A/5 21171,177.21475704732916,E789,Q
197,1,3,Passenger 197,female,2,1,1,A/5 21171,282.71012145054254,E789,S
198,1,2,Passenger 198,male,65,1,0,A/5 21171,381.3646914916572,E789,Q
199,1,1,Passenger 199,female,26,2,2,A/5 21171,491.89359998272386,C123,C
200,1,1,Passenger 200,male,71,1,0,A/5 21171,279.30298068382154,C123,Q
201,0,1,Passenger 201,female,75,0,0,A/5 21171,186.0777702036946,E789,S
202,1,2,Passenger 202,female,11,1,0,A/5 21171,49.97317386179404,C123,S
203,0,2,Passenger 203,female,29,2,1,A/5 21171,43.36290404247257,E789,C
204,1,2,Passenger 204,male,21,2,2,A/5 21171,189.6863606787372,B456,S
205,0,3,Passenger 205,male,57,0,2,A/5 21171,488.2095243387724,C123,Q
206,0,3,Passenger 206,male,1,2,1,A/5 21171,502.41110345294413,C123,S
207,0,1,Passenger 207,male,48,1,2,A/5 21171,12.720076544267833,C123,S
208,0,2,Passenger 208,female,40,0,0,A/5 21171,120.11759503046372,nan,S
209,0,1,Passenger 209,female,18,0,2,A/5 21171,28.509096062649615,nan,C
210,0,3,Passenger 210,female,43,0,1,A/5 21171,316.46700715390494,E789,Q
211,0,2,Passenger 211,male,39,1,2,A/5 21171,393.16099527233325,B456,C
212,1,3,Passenger 212,male,10,2,0,A/5 21171,188.19445868296617,C123,Q
213,0,3,Passenger 213,female,2,0,0,A/5 21171,118.46775362949556,C123,Q
214,0,3,Passenger 214,male,70,2,1,A/5 21171,310.9951301683292,B456,S
215,0,2,Passenger 215,male,22,2,1,A/5 21171,320.8972989753698,B456,S
216,1,3,Passenger 216,female,37,1,0,A/5 21171,342.12863895780225,B456,S
217,0,2,Passenger 217,female,57,2,0,A/5 21171,250.12911700749595,nan,C
218,0,3,Passenger 218,female,47,0,0,A/5 21171,230.00812782306863,B456,S
219,1,1,Passenger 219,male,2,2,0,A/5 21171,272.6466801257283,B456,Q
220,0,2,Passenger 220,female,59,0,2,A/5 21171,69.75473887967837,C123,S
221,1,3,Passenger 221,male,52,2,2,A/5 21171,1.1653656855456045,B456,C
222,0,1,Passenger 222,female,6,1,1,A/5 21171,47.63248155142953,E789,S
223,0,3,Passenger 223,female,3,1,0,A/5 21171,371.84048349283876,B456,Q
224,0,2,Passenger 224,female,36,1,1,A/5 21171,281.06940854596075,nan,C
225,0,1,Passenger 225,female,9,2,1,A/5 21171,423.24953083227985,nan,Q
226,1,3,Passenger 226,female,45,0,1,A/5 21171,225.65356506167007,E789,Q
227,0,2,Passenger 227,female,23,0,2,A/5 21171,93.02758572685406,C123,C
228,1,2,Passenger 228,male,10,2,1,A/5 21171,312.3236924035164,B456,S
229,1,3,Passenger 229,female,42,2,0,A/5 21171,295.6852225295514,nan,Q
230,0,1,Passenger 230,male,39,1,0,A/5 21171,44.88403175907896,E789,C
231,0,3,Passenger 231,female,16,1,1,A/5 21171,509.0305738387232,B456,S
232,0,1,Passenger 232,female,79,2,2,A/5 21171,28.72298180252698,E789,S
233,0,3,Passenger 233,male,12,2,2,A/5 21171,0.46396904580994175,B456,C
234,0,1,Passenger 234,male,67,0,1,A/5 21171,464.4512965554511,B456,C
235,0,3,Passenger 235,male,2,2,1,A/5 21171,81.00714142469955,C123,Q
236,0,3,Passenger 236,male,74,1,2,A/5 21171,108.54249924728828,nan,Q
237,1,3,Passenger 237,female,8,2,2,A/5 21171,166.88661067936653,B456,C
238,0,1,Passenger 238,male,34,1,2,A/5 21171,111.0196840260064,C123,S
239,0,3,Passenger 239,female,71,1,0,A/5 21171,468.5260081389024,nan,Q
240,1,2,Passenger 240,female,24,0,2,A/5 21171,14.023920432580265,nan,C
241,1,3,Passenger 241,female,37,1,1,A/5 21171,370.6736717934261,nan,C
242,1,1,Passenger 242,male,39,1,1,A/5 21171,370.3254957727709,B456,S
243,1,3,Passenger 243,female,47,0,1,A/5 21171,330.29853585376077,nan,C
244,0,1,Passenger 244,male,33,0,2,A/5 21171,169.91126876158043,B456,S
245,1,1,Passenger 245,female,72,2,2,A/5 21171,251.61317344769213,C123,C
246,1,2,Passenger 246,female,65,0,1,A/5 21171,250.14247315754233,C123,S
247,1,1,Passenger 247,female,25,2,2,A/5 21171,260.2557707315241,nan,C
248,1,2,Passenger 248,male,50,0,1,A/5 21171,330.59466748919317,E789,C
249,1,2,Passenger 249,female,57,1,0,A/5 21171,270.8420432326234,E789,C
250,0,3,Passenger 250,female,75,1,0,A/5 21171,267.428494849237,B456,S
251,0,3,Passenger 251,male,73,2,2,A/5 21171,195.89717326427785,B456,S
252,0,1,Passenger 252,female,20,2,1,A/5 21171,252.1957258660769,C123,S
253,0,3,Passenger 253,male,9,2,0,A/5 21171,477.05242329808254,B456,S
254,0,3,Passenger 254,male,37,1,0,A/5 21171,496.5168693516663,C123,S
255,0,1,Passenger 255,male,68,1,1,A/5 21171,69.89295071004557,nan,Q
256,1,2,Passenger 256,male,54,0,0,A/5 21171,158.01993050371567,B456,C
257,0,2,Passenger 257,female,39,2,0,A/5 21171,136.79567608287454,E789,S
258,0,2,Passenger 258,female,11,0,0,A/5 21171,5.2656024509019375,C123,Q
259,1,1,Passenger 259,female,30,1,1,A/5 21171,502.515832712024,nan,S
260,1,3,Passenger 260,female,60,1,0,A/5 21171,104.62931270719827,E789,C
261,1,1,Passenger 261,male,76,0,2,A/5 21171,130.576693137897,C123,S
262,1,1,Passenger 262,female,57,0,0,A/5 21171,160.11124144465853,nan,Q
263,0,3,Passenger 263,female,71,1,1,A/5 21171,99.98770803844997,E789,C
264,0,2,Passenger 264,female,44,2,2,A/5 21171,72.68588204708055,C123,C
265,0,2,Passenger 265,male,67,0,2,A/5 21171,469.4972720044121,B456,S
266,0,2,Passenger 266,female,76,2,2,A/5 21171,264.9860117136434,E789,Q
267,1,1,Passenger 267,female,2,0,0,A/5 21171,182.62837438553763,C123,S
268,0,3,Passenger 268,male,29,0,2,A/5 21171,451.9763835751852,B456,S
269,0,1,Passenger 269,male,1,1,2,A/5 21171,486.5075017965873,C123,C
270,0,3,Passenger 270,male,6,2,1,A/5 21171,371.3460902353915,B456,C
271,0,2,Passenger 271,female,65,2,2,A/5 21171,406.29332454166934,E789,Q
272,0,2,Passenger 272,female,64,1,1,A/5 21171,68.38840976810721,E789,S
273,1,3,Passenger 273,male,45,2,2,A/5 21171,322.7805568993049,nan,Q
274,0,1,Passenger 274,male,14,2,0,A/5 21171,105.34848323163472,B456,Q
275,1,1,Passenger 275,male,71,0,1,A/5 21171,271.4634153393417,B456,S
276,0,2,Passenger 276,male,38,2,0,A/5 21171,159.42481286678503,nan,C
277,0,1,Passenger 277,male,58,0,2,A/5 21171,10.117866395234316,B456,Q
278,1,2,Passenger 278,female,41,1,1,A/5 21171,80.9457015569895,nan,Q
279,0,1,Passenger 279,female,64,0,2,A/5 21171,443.86637974796554,C123,Q
280,0,2,Passenger 280,female,10,0,1,A/5 21171,283.0117195349594,C123,Q
281,0,2,Passenger 281,female,29,2,1,A/5 21171,237.27389741685167,B456,Q
282,0,3,Passenger 282,female,13,0,2,A/5 21171,449.8612474233295,nan,C
283,0,2,Passenger 283,female,8,2,2,A/5 21171,309.73817315286044,E789,C
284,0,3,Passenger 284,male,43,1,1,A/5 21171,147.26877551258238,E789,C
285,0,2,Passenger 285,male,62,2,2,A/5 21171,229.45273053586598,C123,Q
286,1,1,Passenger 286,male,14,2,1,A/5 21171,357.5980738553066,nan,C
287,1,1,Passenger 287,female,7,1,2,A/5 21171,496.7471694030962,C123,Q
288,0,1,Passenger 288,male,18,1,0,A/5 21171,24.27513882324728,C123,C
289,0,2,Passenger 289,female,67,0,1,A/5 21171,29.698357168441987,B456,S
290,0,2,Passenger 290,female,4,1,1,A/5 21171,72.84346054791838,C123,Q
291,0,1,Passenger 291,female,35,1,2,A/5 21171,121.7571854155415,B456,Q
292,0,1,Passenger 292,male,38,2,0,A/5 21171,220.20428593109946,nan,Q
293,1,3,Passenger 293,male,75,0,0,A/5 21171,76.9520244486803,E789,C
294,0,2,Passenger 294,female,6,0,2,A/5 21171,67.03108382906618,E789,S
295,0,3,Passenger 295,female,70,1,0,A/5 21171,299.8548906324267,B456,Q
296,0,1,Passenger 296,male,11,0,1,A/5 21171,138.15810400645418,nan,S
297,0,3,Passenger 297,female,52,0,1,A/5 21171,205.35134711008513,B456,C
298,0,2,Passenger 298,female,6,1,2,A/5 21171,171.4116604204914,B456,Q
299,0,3,Passenger 299,male,72,0,1,A/5 21171,478.5151322865741,E789,Q
300,0,3,Passenger 300,female,50,1,1,A/5 21171,135.9606517536609,E789,S
301,0,3,Passenger 301,male,79,2,2,A/5 21171,186.23779542673427,C123,S
302,0,3,Passenger 302,male,34,0,1,A/5 21171,87.0789519655283,nan,S
303,0,1,Passenger 303,female,13,2,0,A/5 21171,233.5489826770794,nan,Q
304,0,3,Passenger 304,female,14,2,2,A/5 21171,483.0217789717887,B456,C
305,0,3,Passenger 305,male,34,1,0,A/5 21171,86.58477554872812,E789,C
306,0,3,Passenger 306,male,69,2,0,A/5 21171,155.01371720553485,E789,Q
307,1,3,Passenger 307,female,79,2,2,A/5 21171,500.95049997041076,C123,S
308,0,2,Passenger 308,male,67,1,0,A/5 21171,72.36552673832418,C123,Q
309,1,3,Passenger 309,female,33,1,0,A/5 21171,166.56828708879084,B456,Q
310,1,2,Passenger 310,male,22,1,0,A/5 21171,259.28345467137683,B456,Q
311,0,3,Passenger 311,female,52,1,2,A/5 21171,91.87917386542087,E789,S
312,0,2,Passenger 312,male,60,0,1,A/5 21171,47.699202003463256,B456,Q
313,0,2,Passenger 313,male,57,1,0,A/5 21171,446.04487098026027,B456,S
314,0,3,Passenger 314,female,29,0,0,A/5 21171,248.00960087543586,E789,Q
315,0,3,Passenger 315,male,33,1,0,A/5 21171,487.7456922029916,B456,S
316,1,3,Passenger 316,male,72,2,2,A/5 21171,159.31549039258493,C123,Q
317,0,2,Passenger 317,male,49,2,2,A/5 21171,273.1341114974474,B456,C
318,1,2,Passenger 318,male,30,1,0,A/5 21171,61.953848922873846,nan,C
319,0,3,Passenger 319,male,28,2,0,A/5 21171,220.47292042521428,E789,C
320,0,3,Passenger 320,female,24,1,0,A/5 21171,2.353233759161413,B456,S
321,1,3,Passenger 321,male,52,2,2,A/5 21171,472.3993878486795,C123,C
322,0,2,Passenger 322,female,6,0,1,A/5 21171,227.5407062069476,C123,C
323,0,1,Passenger 323,female,4,1,2,A/5 21171,58.11830068872961,E789,S
324,0,2,Passenger 324,male,31,1,2,A/5 21171,359.15901810081584,B456,C
325,0,3,Passenger 325,female,16,0,0,A/5 21171,37.71737915889947,nan,S
326,0,2,Passenger 326,female,2,0,1,A/5 21171,257.6970255639232,E789,Q
327,1,3,Passenger 327,female,66,1,0,A/5 21171,263.314992853204,nan,C
328,1,3,Passenger 328,male,45,0,1,A/5 21171,88.67839051093557,C123,C
329,0,2,Passenger 329,female,35,1,2,A/5 21171,355.01766434604156,C123,Q
330,0,1,Passenger 330,male,62,2,2,A/5 21171,5.464429106200192,C123,Q
331,1,3,Passenger 331,female,41,1,0,A/5 21171,372.75305150573365,C123,Q
332,0,1,Passenger 332,male,21,0,1,A/5 21171,228.75781705623675,B456,Q
333,1,3,Passenger 333,male,4,0,1,A/5 21171,177.95399202808707,B456,Q
334,0,2,Passenger 334,female,59,0,2,A/5 21171,265.70268948482874,B456,Q
335,0,2,Passenger 335,male,1,1,2,A/5 21171,497.45718722090726,nan,C
336,0,3,Passenger 336,male,52,0,2,A/5 21171,53.52636922056007,C123,Q
337,0,2,Passenger 337,male,43,0,1,A/5 21171,132.99845336084988,E789,S
338,0,2,Passenger 338,female,12,0,1,A/5 21171,332.4103280192933,B456,S
339,1,3,Passenger 339,female,17,1,2,A/5 21171,284.81078305774963,E789,C
340,0,3,Passenger 340,female,47,2,0,A/5 21171,69.60709599560118,E789,S
341,0,3,Passenger 341,male,58,1,0,A/5 21171,345.9097836995009,C123,Q
342,0,3,Passenger 342,male,77,2,1,A/5 21171,61.64841941468282,nan,C
343,1,3,Passenger 343,male,32,0,1,A/5 21171,163.8322551890095,B456,S
344,1,3,Passenger 344,female,3,1,0,A/5 21171,315.6221972720696,C123,C
345,0,1,Passenger 345,female,6,2,1,A/5 21171,337.9177830922608,C123,Q
346,0,1,Passenger 346,male,24,1,2,A/5 21171,192.32680504967607,C123,C
347,0,2,Passenger 347,female,49,1,0,A/5 21171,147.958982348103,E789,C
348,0,1,Passenger 348,female,54,2,0,A/5 21171,265.22448235842626,B456,S
349,0,3,Passenger 349,female,29,0,0,A/5 21171,330.52504602440797,nan,S
350,0,3,Passenger 350,male,28,1,1,A/5 21171,288.4391652322641,nan,S
351,0,3,Passenger 351,male,38,2,2,A/5 21171,256.8510709761864,nan,S
352,0,3,Passenger 352,female,24,1,2,A/5 21171,422.44196080819677,nan,S
353,0,2,Passenger 353,male,32,2,0,A/5 21171,441.9287347970447,nan,S
354,0,1,Passenger 354,female,14,1,2,A/5 21171,252.60455848904462,B456,Q
355,0,2,Passenger 355,male,45,2,1,A/5 21171,227.89618082980058,E789,C
356,1,1,Passenger 356,male,76,0,1,A/5 21171,177.4161865142526,nan,C
357,0,2,Passenger 357,female,3,0,2,A/5 21171,5.0223528001210145,E789,C
358,0,1,Passenger 358,male,77,2,0,A/5 21171,11.26956932887519,nan,S
359,0,3,Passenger 359,female,33,2,1,A/5 21171,357.79711232163686,C123,C
360,0,3,Passenger 360,male,30,2,0,A/5 21171,403.7165607787984,E789,C
361,0,1,Passenger 361,male,17,1,1,A/5 21171,502.1404305996346,B456,C
362,0,1,Passenger 362,male,74,0,0,A/5 21171,228.35246636025428,E789,Q
363,0,1,Passenger 363,male,65,0,1,A/5 21171,211.58737293277835,E789,S
364,0,2,Passenger 364,male,43,2,2,A/5 21171,245.13324169667752,E789,Q
365,1,2,Passenger 365,female,56,2,2,A/5 21171,7.9979748922120395,E789,Q
366,0,2,Passenger 366,female,27,1,2,A/5 21171,21.473829943415232,nan,S
367,1,1,Passenger 367,male,29,1,2,A/5 21171,44.03663846165136,E789,C
368,0,1,Passenger 368,male,55,0,2,A/5 21171,216.91090789688064,B456,S
369,1,2,Passenger 369,female,30,1,2,A/5 21171,171.19641049391572,B456,S
370,1,2,Passenger 370,male,23,1,1,A/5 21171,191.79170916499018,B456,C
371,0,2,Passenger 371,male,7,2,2,A/5 21171,506.482516929401,B456,S
372,0,3,Passenger 372,male,11,2,0,A/5 21171,258.20265522791107,B456,Q
373,0,2,Passenger 373,female,38,2,1,A/5 21171,256.81419647063944,nan,S
374,0,1,Passenger 374,female,20,1,2,A/5 21171,89.21419651795703,B456,S
375,0,2,Passenger 375,male,5,0,0,A/5 21171,88.72218009597358,C123,C
376,0,1,Passenger 376,female,2,1,2,A/5 21171,9.710052910827029,nan,C
377,1,1,Passenger 377,male,47,1,2,A/5 21171,440.3849484101575,E789,Q
378,0,2,Passenger 378,female,27,2,0,A/5 21171,292.68296893490464,E789,C
379,0,3,Passenger 379,female,38,0,2,A/5 21171,360.72835727180944,B456,Q
380,0,1,Passenger 380,female,4,0,1,A/5 21171,306.89499968299634,C123,Q
381,1,1,Passenger 381,male,54,0,1,A/5 21171,445.9873176388165,B456,S
382,0,3,Passenger 382,female,52,2,1,A/5 21171,441.5365281010102,B456,S
383,1,3,Passenger 383,male,78,1,2,A/5 21171,485.2225058003351,B456,S
384,0,1,Passenger 384,female,59,0,2,A/5 21171,417.78142550825567,C123,S
385,0,3,Passenger 385,female,66,2,2,A/5 21171,490.45841668692236,nan,S
386,0,1,Passenger 386,female,68,0,0,A/5 21171,163.73082343782838,E789,C
387,1,3,Passenger 387,male,4,2,0,A/5 21171,230.32859880101094,nan,S
388,0,3,Passenger 388,female,18,1,2,A/5 21171,83.70734873026879,E789,C
389,0,2,Passenger 389,male,27,0,1,A/5 21171,306.17682880546886,C123,Q
390,1,1,Passenger 390,female,30,0,2,A/5 21171,472.0973297986682,B456,Q
391,1,1,Passenger 391,female,6,1,0,A/5 21171,245.84114284877344,E789,S
392,1,1,Passenger 392,male,20,0,1,A/5 21171,485.51608500300966,nan,C
393,0,1,Passenger 393,female,76,0,0,A/5 21171,458.31648419365916,B456,C
394,0,3,Passenger 394,male,35,1,2,A/5 21171,201.84441855789743,B456,C
395,1,1,Passenger 395,male,79,0,1,A/5 21171,309.7343682195443,B456,C
396,1,2,Passenger 396,female,34,2,1,A/5 21171,41.96552482175114,B456,C
397,0,3,Passenger 397,male,18,1,0,A/5 21171,380.7212115972737,E789,S
398,1,3,Passenger 398,female,32,1,1,A/5 21171,201.60780997944846,nan,C
399,0,1,Passenger 399,male,6,2,2,A/5 21171,357.79603336202035,C123,C
400,0,3,Passenger 400,male,61,1,0,A/5 21171,104.30327881270995,E789,S
401,1,1,Passenger 401,male,44,1,0,A/5 21171,219.61588469407496,nan,Q
402,1,3,Passenger 402,female,20,0,1,A/5 21171,320.52356709238205,E789,C
403,0,2,Passenger 403,male,36,1,2,A/5 21171,447.55167419256054,B456,S
404,0,3,Passenger 404,female,17,2,0,A/5 21171,283.69860455349766,nan,Q
405,1,1,Passenger 405,male,79,1,1,A/5 21171,494.55624199366764,nan,C
406,1,1,Passenger 406,male,46,2,1,A/5 21171,429.4137295769367,C123,C
407,1,1,Passenger 407,male,66,0,1,A/5 21171,243.12703473061987,B456,S
408,0,2,Passenger 408,female,33,0,0,A/5 21171,98.26991947349843,C123,Q
409,1,3,Passenger 409,female,41,2,2,A/5 21171,106.43386423926329,B456,S
410,0,3,Passenger 410,male,28,0,1,A/5 21171,140.55268159008497,E789,S
411,1,3,Passenger 411,female,66,1,1,A/5 21171,253.46745330720213,B456,C
412,1,1,Passenger 412,male,14,0,1,A/5 21171,146.10933648426155,B456,Q
413,0,2,Passenger 413,female,75,2,1,A/5 21171,297.97386305828536,E789,S
414,0,1,Passenger 414,female,69,2,0,A/5 21171,271.2462286496571,nan,C
415,1,1,Passenger 415,female,42,2,2,A/5 21171,207.75694553571898,nan,Q
416,0,1,Passenger 416,male,47,0,0,A/5 21171,229.40931657265483,C123,Q
417,0,1,Passenger 417,female,67,1,1,A/5 21171,94.31303238581405,C123,Q
418,1,1,Passenger 418,male,78,2,2,A/5 21171,177.1342135030781,B456,C
419,0,1,Passenger 419,male,35,1,0,A/5 21171,431.7447034140344,E789,S
420,1,3,Passenger 420,male,30,1,2,A/5 21171,368.5255892417574,nan,S
421,1,2,Passenger 421,male,27,1,0,A/5 21171,372.67275841785954,nan,S
422,1,3,Passenger 422,female,11,2,2,A/5 21171,150.65954211918034,nan,Q
423,0,1,Passenger 423,female,33,1,2,A/5 21171,188.38694828696472,E789,C
424,0,3,Passenger 424,female,60,1,2,A/5 21171,117.25044182850037,C123,Q
425,0,2,Passenger 425,male,18,1,0,A/5 21171,42.250337862808905,B456,S
426,1,2,Passenger 426,female,28,0,0,A/5 21171,495.63495429552654,C123,C
427,0,2,Passenger 427,female,52,2,0,A/5 21171,386.0628705057308,B456,Q
428,0,2,Passenger 428,female,56,0,1,A/5 21171,394.0844555510831,nan,C
429,1,2,Passenger 429,male,46,2,0,A/5 21171,163.60137214384935,E789,Q
430,0,3,Passenger 430,male,59,2,2,A/5 21171,304.9648331414591,E789,C
431,0,1,Passenger 431,female,75,0,1,A/5 21171,213.50816449864215,C123,S
432,0,2,Passenger 432,male,40,2,1,A/5 21171,241.50025615705127,C123,Q
433,0,3,Passenger 433,male,23,0,1,A/5 21171,300.0634594214665,C123,S
434,0,3,Passenger 434,female,68,1,1,A/5 21171,266.7852273120387,C123,S
435,0,1,Passenger 435,female,1,0,1,A/5 21171,500.20952402975803,B456,C
436,0,2,Passenger 436,male,78,1,2,A/5 21171,415.5085364661888,C123,Q
437,1,2,Passenger 437,male,2,2,1,A/5 21171,73.02492511421224,B456,S
438,0,2,Passenger 438,male,66,0,2,A/5 21171,396.7035332391116,E789,S
439,0,2,Passenger 439,male,6,1,1,A/5 21171,476.081692962677,B456,Q
440,0,3,Passenger 440,female,70,0,1,A/5 21171,480.9185070793254,C123,C
441,0,3,Passenger 441,male,47,2,0,A/5 21171,226.71763964263945,C123,Q
442,0,3,Passenger 442,female,44,2,2,A/5 21171,160.73579724935715,E789,S
443,1,1,Passenger 443,female,23,2,0,A/5 21171,437.8674497623962,B456,Q
444,1,3,Passenger 444,male,60,0,2,A/5 21171,310.26985789492886,C123,C
445,0,3,Passenger 445,male,60,2,1,A/5 21171,378.58756692823613,B456,C
446,0,3,Passenger 446,male,28,1,0,A/5 21171,106.9840026112181,nan,Q
447,1,3,Passenger 447,female,57,2,0,A/5 21171,287.06069413970596,C123,C
448,1,1,Passenger 448,male,70,2,1,A/5 21171,19.618586897350387,C123,Q
449,0,2,Passenger 449,male,36,2,2,A/5 21171,131.3409022703248,E789,C
450,0,3,Passenger 450,female,15,2,1,A/5 21171,174.47193975273075,E789,Q
451,0,2,Passenger 451,female,4,2,2,A/5 21171,428.1232757359039,C123,Q
452,1,2,Passenger 452,male,10,2,1,A/5 21171,467.6971941125828,B456,C
453,0,1,Passenger 453,female,16,2,2,A/5 21171,214.677278031997,B456,Q
454,1,2,Passenger 454,male,75,0,2,A/5 21171,511.1282083390699,E789,C
455,0,1,Passenger 455,male,75,1,2,A/5 21171,116.95141598914843,B456,C
456,1,3,Passenger 456,female,61,2,1,A/5 21171,469.5580573269799,C123,S
457,0,1,Passenger 457,female,79,0,1,A/5 21171,63.364807760295314,nan,C
458,1,3,Passenger 458,female,24,2,1,A/5 21171,332.56328937828926,B456,Q
459,0,2,Passenger 459,male,57,1,2,A/5 21171,232.29997533467167,C123,Q
460,1,1,Passenger 460,male,6,2,0,A/5 21171,507.5990004435941,C123,C
461,1,1,Passenger 461,female,18,1,1,A/5 21171,505.5791692268401,C123,Q
462,0,2,Passenger 462,male,22,1,0,A/5 21171,69.73204349693582,E789,S
463,0,3,Passenger 463,female,68,1,1,A/5 21171,505.4322586386296,E789,Q
464,1,3,Passenger 464,female,13,0,1,A/5 21171,82.54592994031876,nan,Q
465,0,1,Passenger 465,female,25,0,1,A/5 21171,367.9853336718294,B456,C
466,0,2,Passenger 466,female,65,2,1,A/5 21171,413.6175849983041,E789,S
467,1,3,Passenger 467,male,51,2,1,A/5 21171,461.03870780579996,E789,Q
468,0,1,Passenger 468,male,25,0,2,A/5 21171,415.3460281342553,C123,Q
469,0,1,Passenger 469,male,7,2,0,A/5 21171,22.940230316534663,nan,C
470,0,1,Passenger 470,male,13,1,2,A/5 21171,442.6300540509722,B456,C
471,1,1,Passenger 471,female,65,1,1,A/5 21171,206.34363152795004,C123,Q
472,1,3,Passenger 472,male,37,2,2,A/5 21171,124.41900576552368,E789,Q
473,1,1,Passenger 473,female,8,0,1,A/5 21171,124.33721302926511,nan,Q
474,0,3,Passenger 474,male,5,0,0,A/5 21171,82.58115933193892,nan,C
475,1,2,Passenger 475,female,63,0,1,A/5 21171,104.56993421066414,nan,S
476,1,3,Passenger 476,male,68,1,0,A/5 21171,136.21519126203316,B456,S
477,0,3,Passenger 477,male,23,2,0,A/5 21171,489.83220149362916,C123,S
478,1,3,Passenger 478,male,77,2,1,A/5 21171,7.121798899882311,E789,C
479,0,2,Passenger 479,male,47,0,0,A/5 21171,503.36173461978757,C123,S
480,1,3,Passenger 480,female,44,0,1,A/5 21171,74.5291136935169,B456,S
481,0,1,Passenger 481,female,35,2,2,A/5 21171,43.17240625873761,nan,S
482,0,1,Passenger 482,male,28,0,2,A/5 21171,302.5791066313823,nan,S
483,0,1,Passenger 483,male,52,1,2,A/5 21171,216.35176128504693,nan,Q
484,0,1,Passenger 484,male,18,0,0,A/5 21171,496.4681743901942,C123,C
485,1,2,Passenger 485,female,5,0,2,A/5 21171,374.81703262484945,C123,S
486,1,2,Passenger 486,male,5,2,0,A/5 21171,312.8289522436266,nan,S
487,1,1,Passenger 487,male,29,0,1,A/5 21171,15.608510887049164,B456,Q
488,0,3,Passenger 488,male,11,0,0,A/5 21171,473.42965136283783,B456,S
489,1,2,Passenger 489,female,26,2,1,A/5 21171,438.88496461573226,nan,Q
490,1,1,Passenger 490,male,49,1,2,A/5 21171,252.56382687034193,B456,S
491,1,1,Passenger 491,male,26,0,1,A/5 21171,286.27092557477636,E789,Q
492,1,2,Passenger 492,male,64,1,0,A/5 21171,72.00693178831953,nan,Q
493,0,2,Passenger 493,female,46,0,2,A/5 21171,28.36158981237022,B456,C
494,1,2,Passenger 494,female,79,0,2,A/5 21171,235.51929587437857,C123,Q
495,0,3,Passenger 495,male,35,1,1,A/5 21171,168.5116918515927,C123,S
496,0,3,Passenger 496,female,5,1,1,A/5 21171,424.53902391788387,C123,C
497,1,2,Passenger 497,male,76,1,1,A/5 21171,216.6519763673224,E789,C
498,1,2,Passenger 498,male,8,0,2,A/5 21171,124.57414340434825,B456,C
499,0,3,Passenger 499,female,8,0,2,A/5 21171,468.6277135250128,E789,S
500,0,3,Passenger 500,male,22,1,0,A/5 21171,353.2876945098607,nan,Q
501,0,1,Passenger 501,male,71,2,1,A/5 21171,429.61139182443225,E789,S
502,0,3,Passenger 502,female,7,1,2,A/5 21171,328.03215843174905,C123,C
503,1,1,Passenger 503,female,36,0,0,A/5 21171,365.70597333817693,B456,S
504,0,2,Passenger 504,male,17,1,2,A/5 21171,451.11861121699434,C123,S
505,0,2,Passenger 505,male,33,2,0,A/5 21171,210.73815290993886,nan,C
506,1,1,Passenger 506,female,42,2,0,A/5 21171,81.47513036997101,E789,S
507,1,1,Passenger 507,male,62,2,0,A/5 21171,238.0448631493402,C123,S
508,1,1,Passenger 508,male,28,0,2,A/5 21171,243.21918451684877,B456,Q
509,1,2,Passenger 509,female,26,0,0,A/5 21171,183.0433093532428,E789,C
510,0,1,Passenger 510,female,68,0,1,A/5 21171,301.83564493180563,E789,Q
511,0,3,Passenger 511,female,20,0,2,A/5 21171,92.8804235889084,C123,C
512,0,1,Passenger 512,female,58,1,2,A/5 21171,482.2189317364216,E789,S
513,1,3,Passenger 513,male,51,2,0,A/5 21171,247.91717470219936,B456,Q
514,1,3,Passenger 514,female,67,0,2,A/5 21171,46.552402140232225,B456,S
515,0,1,Passenger 515,male,2,1,1,A/5 21171,90.18635493535675,nan,C
516,1,1,Passenger 516,female,51,0,2,A/5 21171,50.280238876122375,E789,S
517,0,1,Passenger 517,male,9,2,1,A/5 21171,173.23765226530122,nan,Q
518,0,1,Passenger 518,male,69,1,1,A/5 21171,221.85647912624316,nan,Q
519,1,3,Passenger 519,male,32,2,1,A/5 21171,290.6959334591435,B456,Q
520,1,1,Passenger 520,male,21,0,2,A/5 21171,107.20807067744558,C123,C
521,0,1,Passenger 521,female,18,0,2,A/5 21171,273.3970913032518,E789,Q
522,1,2,Passenger 522,male,4,2,1,A/5 21171,400.61904347249504,E789,S
523,1,3,Passenger 523,female,4,0,2,A/5 21171,130.0977482828297,nan,Q
524,1,3,Passenger 524,male,54,0,0,A/5 21171,219.10487871450135,B456,Q
525,1,1,Passenger 525,male,49,1,2,A/5 21171,314.2785743605255,C123,C
526,0,2,Passenger 526,male,53,1,2,A/5 21171,335.5616139555103,B456,C
527,1,1,Passenger 527,female,69,1,2,A/5 21171,491.4884056280472,E789,C
528,0,3,Passenger 528,female,5,0,2,A/5 21171,257.00926458785676,nan,S
529,0,2,Passenger 529,female,32,1,0,A/5 21171,285.7851051680204,C123,Q
530,1,2,Passenger 530,female,10,0,0,A/5 21171,74.55338373761914,C123,S
531,0,2,Passenger 531,male,22,0,0,A/5 21171,226.12568875516962,E789,S
532,0,1,Passenger 532,male,38,0,0,A/5 21171,200.13738056833918,C123,S
533,0,3,Passenger 533,female,42,1,1,A/5 21171,324.9643995725331,E789,S
534,0,1,Passenger 534,female,32,1,1,A/5 21171,84.74839310368095,E789,S
535,0,3,Passenger 535,male,32,1,1,A/5 21171,72.57918095633757,E789,Q
536,0,1,Passenger 536,male,72,2,2,A/5 21171,104.62246695758178,C123,Q
537,1,1,Passenger 537,female,79,1,0,A/5 21171,332.43567547312796,E789,C
538,0,2,Passenger 538,male,63,2,0,A/5 21171,229.11158900052322,E789,Q
539,1,3,Passenger 539,male,59,0,0,A/5 21171,357.00991998022886,B456,C
540,0,3,Passenger 540,male,23,1,1,A/5 21171,231.09285530094868,nan,S
541,0,1,Passenger 541,male,76,1,1,A/5 21171,179.93774003084752,C123,Q
542,0,3,Passenger 542,male,22,1,2,A/5 21171,34.91013379728689,E789,S
543,0,2,Passenger 543,female,34,0,1,A/5 21171,422.03050196048025,C123,C
544,0,1,Passenger 544,male,13,0,0,A/5 21171,439.73973904359536,B456,C
545,0,2,Passenger 545,male,4,0,1,A/5 21171,87.61840345497569,E789,Q
546,0,2,Passenger 546,male,26,2,1,A/5 21171,146.1250775173722,E789,C
547,1,1,Passenger 547,female,54,1,0,A/5 21171,403.86269444539477,nan,C
548,0,3,Passenger 548,female,71,1,1,A/5 21171,287.4732540050424,C123,Q
549,1,3,Passenger 549,female,35,1,1,A/5 21171,470.14619771993995,E789,Q
550,0,3,Passenger 550,female,63,2,1,A/5 21171,174.645259131215,B456,C
551,1,2,Passenger 551,male,60,0,0,A/5 21171,341.1399595195283,B456,Q
552,0,3,Passenger 552,male,12,2,1,A/5 21171,335.4346765442799,nan,Q
553,0,1,Passenger 553,male,52,0,2,A/5 21171,133.97857350860983,E789,S
554,0,2,Passenger 554,female,64,0,0,A/5 21171,193.51645885573774,E789,C
555,1,2,Passenger 555,male,65,0,0,A/5 21171,211.7844688847787,nan,C
556,1,3,Passenger 556,male,28,0,1,A/5 21171,352.30329670464187,B456,C
557,1,1,Passenger 557,female,11,0,2,A/5 21171,192.50297653787047,E789,Q
558,0,2,Passenger 558,male,2,2,1,A/5 21171,440.13047831948626,C123,C
559,0,2,Passenger 559,male,21,1,1,A/5 21171,336.12154467594814,nan,S
560,1,2,Passenger 560,male,53,1,1,A/5 21171,461.12382670994344,B456,Q
561,1,1,Passenger 561,female,35,2,1,A/5 21171,89.37492940745214,B456,S
562,0,3,Passenger 562,male,41,1,1,A/5 21171,465.42373402655187,E789,C
563,0,2,Passenger 563,female,36,1,2,A/5 21171,115.89622661486365,C123,C
564,0,1,Passenger 564,female,16,0,1,A/5 21171,477.5871659377992,C123,Q
565,1,3,Passenger 565,male,40,1,1,A/5 21171,17.669817392621177,E789,Q
566,1,3,Passenger 566,female,35,0,0,A/5 21171,386.52006593945816,B456,Q
567,1,2,Passenger 567,male,39,0,0,A/5 21171,106.47852589243868,nan,C
568,0,1,Passenger 568,female,76,2,2,A/5 21171,24.027738289454437,nan,Q
569,0,2,Passenger 569,female,55,2,1,A/5 21171,426.0120594996612,E789,Q
570,1,1,Passenger 570,female,61,1,1,A/5 21171,196.3328409029225,C123,C
571,0,3,Passenger 571,male,65,1,2,A/5 21171,69.03205113141475,nan,S
572,0,1,Passenger 572,female,20,0,2,A/5 21171,403.58125663723314,nan,C
573,0,3,Passenger 573,female,69,1,1,A/5 21171,360.24228249429376,E789,C
574,1,1,Passenger 574,female,40,1,0,A/5 21171,491.9809268753418,nan,Q
575,0,2,Passenger 575,female,24,1,0,A/5 21171,233.26358387060606,C123,Q
576,1,1,Passenger 576,female,67,2,2,A/5 21171,158.89269553429864,B456,C
577,1,3,Passenger 577,male,65,0,2,A/5 21171,224.71923131615736,nan,S
578,1,2,Passenger 578,female,15,2,0,A/5 21171,308.05258133454623,B456,S
579,1,2,Passenger 579,female,47,0,0,A/5 21171,306.2032272863548,E789,C
580,1,3,Passenger 580,female,2,2,0,A/5 21171,424.1678194801371,C123,S
581,0,3,Passenger 581,female,14,1,2,A/5 21171,52.635419894610614,nan,Q
582,0,3,Passenger 582,female,29,2,2,A/5 21171,450.27567597360036,B456,Q
583,0,2,Passenger 583,female,8,2,0,A/5 21171,390.0763138826956,nan,Q
584,1,3,Passenger 584,male,21,1,1,A/5 21171,100.84501731465791,B456,Q
585,1,2,Passenger 585,female,58,2,1,A/5 21171,221.45105527498384,C123,C
586,0,2,Passenger 586,male,50,0,1,A/5 21171,27.919496849352015,E789,S
587,1,1,Passenger 587,male,65,1,0,A/5 21171,394.05697391922496,C123,S
588,0,3,Passenger 588,female,39,2,0,A/5 21171,39.348033109313064,E789,C
589,1,2,Passenger 589,male,72,0,2,A/5 21171,439.1620026652549,C123,Q
590,1,2,Passenger 590,female,29,0,2,A/5 21171,409.73543164917385,B456,Q
591,1,3,Passenger 591,female,44,2,2,A/5 21171,353.05696509864464,C123,Q
592,1,1,Passenger 592,male,38,0,2,A/5 21171,412.9292224463436,C123,Q
593,0,1,Passenger 593,male,1,1,0,A/5 21171,479.296355652884,C123,Q
594,1,2,Passenger 594,male,8,1,2,A/5 21171,52.698503261165754,E789,C
595,0,1,Passenger 595,male,32,1,1,A/5 21171,284.2955635490625,nan,S
596,0,2,Passenger 596,male,46,1,2,A/5 21171,351.9733033945199,C123,C
597,0,2,Passenger 597,male,68,2,1,A/5 21171,206.40258740534466,E789,C
598,0,3,Passenger 598,male,10,2,0,A/5 21171,337.9020721787752,C123,Q
599,1,2,Passenger 599,female,71,0,2,A/5 21171,252.03089515127104,nan,C
600,1,2,Passenger 600,female,3,0,1,A/5 21171,284.3914062086977,E789,Q
601,0,3,Passenger 601,female,66,0,0,A/5 21171,330.3768771571349,C123,S
602,1,1,Passenger 602,male,9,1,1,A/5 21171,182.19817320080085,E789,C
603,1,2,Passenger 603,female,40,2,2,A/5 21171,512.0886497484576,C123,C
604,0,1,Passenger 604,female,55,2,0,A/5 21171,384.69639400541575,nan,C
605,1,1,Passenger 605,male,61,1,2,A/5 21171,510.8548188554092,C123,S
606,0,3,Passenger 606,female,46,2,1,A/5 21171,347.5290120805966,C123,Q
607,1,2,Passenger 607,female,26,2,2,A/5 21171,39.5768072481546,C123,S
608,1,1,Passenger 608,female,75,1,1,A/5 21171,119.29499953277971,B456,S
609,1,1,Passenger 609,female,56,2,1,A/5 21171,286.19087382465386,B456,C
610,0,1,Passenger 610,male,58,1,1,A/5 21171,243.735813593079,nan,Q
611,0,1,Passenger 611,female,10,1,2,A/5 21171,461.63723720018476,nan,S
612,1,3,Passenger 612,male,47,0,2,A/5 21171,300.42974836187676,E789,S
613,1,3,Passenger 613,male,15,2,2,A/5 21171,64.6074846602333,nan,Q
614,0,3,Passenger 614,female,71,0,2,A/5 21171,46.122949737497905,B456,Q
615,0,2,Passenger 615,female,15,1,2,A/5 21171,380.36681469706343,B456,S
616,0,1,Passenger 616,female,75,1,1,A/5 21171,117.01310327848304,nan,Q
617,0,2,Passenger 617,male,44,2,0,A/5 21171,481.01528136687296,nan,S
618,0,3,Passenger 618,male,20,2,2,A/5 21171,124.37073700339091,C123,Q
619,0,2,Passenger 619,male,6,0,1,A/5 21171,385.0378604057431,E789,C
620,0,2,Passenger 620,female,21,2,2,A/5 21171,321.5272140721272,C123,Q
621,0,3,Passenger 621,male,61,1,2,A/5 21171,38.09135881196429,E789,Q
622,1,2,Passenger 622,male,41,2,0,A/5 21171,119.61353922605271,E789,S
623,0,2,Passenger 623,female,7,0,2,A/5 21171,147.1092231865262,nan,C
624,0,3,Passenger 624,female,39,2,2,A/5 21171,357.33608118695736,B456,Q
625,1,2,Passenger 625,male,53,1,2,A/5 21171,401.6742595844877,E789,S
626,1,3,Passenger 626,male,39,1,1,A/5 21171,488.410110303219,nan,C
627,0,1,Passenger 627,male,5,0,2,A/5 21171,217.4032565711226,E789,C
628,0,3,Passenger 628,female,76,0,1,A/5 21171,435.67293305822056,nan,Q
629,1,3,Passenger 629,female,68,1,0,A/5 21171,430.0085974739271,B456,C
630,0,3,Passenger 630,female,8,2,2,A/5 21171,460.6956632242807,C123,S
631,0,2,Passenger 631,male,44,1,2,A/5 21171,46.24674655364277,nan,S
632,0,1,Passenger 632,female,65,1,0,A/5 21171,321.17253366511846,E789,Q
633,1,3,Passenger 633,female,46,0,0,A/5 21171,276.6561480598027,B456,S
634,1,3,Passenger 634,male,13,2,1,A/5 21171,63.454933507456964,E789,C
635,1,3,Passenger 635,male,11,0,0,A/5 21171,277.5909484442129,nan,S
636,1,2,Passenger 636,female,35,0,1,A/5 21171,236.79434966044866,nan,S
637,1,1,Passenger 637,female,45,0,2,A/5 21171,342.71445966657024,nan,Q
638,0,3,Passenger 638,male,33,0,0,A/5 21171,253.3417457854281,B456,S
639,0,2,Passenger 639,male,37,2,0,A/5 21171,180.32782559132255,C123,Q
640,0,3,Passenger 640,male,13,0,2,A/5 21171,289.28030586743625,E789,S
641,0,2,Passenger 641,female,28,2,2,A/5 21171,280.322723376935,C123,Q
642,1,2,Passenger 642,female,74,0,2,A/5 21171,448.1557987075674,E789,Q
643,0,3,Passenger 643,female,46,2,0,A/5 21171,189.3551587871235,E789,S
644,1,2,Passenger 644,male,21,0,0,A/5 21171,13.793105041749483,B456,Q
645,0,1,Passenger 645,male,77,1,2,A/5 21171,446.8224723083762,B456,C
646,0,2,Passenger 646,female,73,2,0,A/5 21171,57.826151542111994,E789,Q
647,1,1,Passenger 647,male,34,2,2,A/5 21171,465.35522163374594,E789,C
648,1,1,Passenger 648,female,18,0,0,A/5 21171,182.7551598657133,C123,Q
649,1,2,Passenger 649,male,75,1,2,A/5 21171,190.59364114512707,B456,C
650,0,1,Passenger 650,male,16,2,2,A/5 21171,10.700792210348206,nan,S
651,1,1,Passenger 651,female,40,2,2,A/5 21171,255.83467115900456,E789,S
652,0,1,Passenger 652,female,51,2,1,A/5 21171,231.67162020237208,E789,S
653,0,1,Passenger 653,female,50,0,0,A/5 21171,48.70921936495526,B456,Q
654,0,2,Passenger 654,female,70,1,0,A/5 21171,294.5386526095375,B456,Q
655,0,3,Passenger 655,male,24,0,1,A/5 21171,63.94087971253951,B456,Q
656,0,2,Passenger 656,female,70,0,1,A/5 21171,131.20837299189716,nan,C
657,1,1,Passenger 657,male,12,2,2,A/5 21171,474.99345064555285,nan,Q
658,0,3,Passenger 658,female,18,1,0,A/5 21171,65.55841560183471,nan,Q
659,1,2,Passenger 659,male,56,2,0,A/5 21171,282.5022304174118,E789,C
660,0,3,Passenger 660,male,29,0,2,A/5 21171,495.0813365000377,E789,Q
661,0,1,Passenger 661,female,65,1,2,A/5 21171,339.6040234511077,C123,C
662,0,2,Passenger 662,female,29,1,1,A/5 21171,34.842709820676184,C123,C
663,0,1,Passenger 663,male,66,1,1,A/5 21171,436.4448181005974,E789,Q
664,0,3,Passenger 664,female,44,2,0,A/5 21171,473.02912053279005,E789,S
665,1,3,Passenger 665,male,76,0,2,A/5 21171,71.86002498887487,C123,S
666,0,1,Passenger 666,female,72,2,0,A/5 21171,277.03952378191894,B456,Q
667,1,1,Passenger 667,male,68,1,0,A/5 21171,15.604511126974186,nan,C
668,0,1,Passenger 668,male,78,1,1,A/5 21171,301.7044866315913,nan,Q
669,1,3,Passenger 669,male,76,1,2,A/5 21171,172.85435522766508,C123,C
670,1,2,Passenger 670,female,44,2,0,A/5 21171,415.29724239690984,C123,C
671,0,2,Passenger 671,male,12,2,2,A/5 21171,478.12937111566845,nan,Q
672,0,3,Passenger 672,female,72,1,2,A/5 21171,148.4467168689071,B456,Q
673,0,3,Passenger 673,female,27,0,2,A/5 21171,453.5904581022743,E789,Q
674,0,2,Passenger 674,male,52,2,0,A/5 21171,149.90267140216986,E789,Q
675,1,2,Passenger 675,female,58,1,1,A/5 21171,274.1820609478524,E789,C
676,0,2,Passenger 676,male,51,0,1,A/5 21171,222.1681838624045,nan,S
677,0,1,Passenger 677,male,56,1,2,A/5 21171,453.3770594337891,nan,C
678,0,3,Passenger 678,female,36,2,2,A/5 21171,258.7423275993506,C123,C
679,0,3,Passenger 679,male,11,0,0,A/5 21171,1.175429745828933,E789,Q
680,1,1,Passenger 680,male,48,2,1,A/5 21171,176.01252850567218,E789,S
681,0,3,Passenger 681,female,21,1,1,A/5 21171,157.59413000118968,E789,S
682,1,1,Passenger 682,female,32,1,1,A/5 21171,6.833384295097655,E789,S
683,1,2,Passenger 683,male,6,0,2,A/5 21171,166.74211147072646,nan,Q
684,1,3,Passenger 684,female,51,2,1,A/5 21171,33.12925178021511,B456,C
685,0,2,Passenger 685,female,57,2,0,A/5 21171,442.9302933696552,C123,Q
686,1,3,Passenger 686,male,3,2,1,A/5 21171,249.81259644817277,E789,C
687,1,2,Passenger 687,male,25,1,0,A/5 21171,252.60817307236553,E789,C
688,0,2,Passenger 688,female,17,2,0,A/5 21171,426.4557688849033,E789,Q
689,0,3,Passenger 689,male,12,0,1,A/5 21171,437.5886628208017,B456,Q
690,0,1,Passenger 690,female,14,1,0,A/5 21171,155.4045042538872,nan,C
691,1,3,Passenger 691,male,42,1,0,A/5 21171,488.66422665054125,C123,S
692,0,2,Passenger 692,male,3,1,2,A/5 21171,173.74428144630215,E789,S
693,0,3,Passenger 693,male,78,2,2,A/5 21171,135.37748803244034,B456,S
694,0,3,Passenger 694,male,15,2,0,A/5 21171,385.0107584015956,C123,Q
695,0,1,Passenger 695,male,21,1,2,A/5 21171,200.2922685378876,nan,S
696,0,1,Passenger 696,female,31,0,0,A/5 21171,382.62357446694944,B456,Q
697,0,1,Passenger 697,male,57,1,2,A/5 21171,133.38726066771036,nan,Q
698,0,3,Passenger 698,female,24,0,0,A/5 21171,144.96156565408694,nan,C
699,0,1,Passenger 699,male,8,1,1,A/5 21171,385.0673742431176,C123,S
700,0,1,Passenger 700,female,62,1,2,A/5 21171,281.6529052364887,C123,Q
701,0,1,Passenger 701,male,15,2,0,A/5 21171,409.17213443787784,E789,Q
702,0,1,Passenger 702,male,68,2,1,A/5 21171,137.3721973740321,nan,Q
703,0,2,Passenger 703,female,39,1,1,A/5 21171,291.2986836335378,B456,C
704,0,1,Passenger 704,female,9,2,1,A/5 21171,374.6369533274851,C123,Q
705,0,3,Passenger 705,male,7,0,2,A/5 21171,462.46413705526993,E789,Q
706,1,3,Passenger 706,male,38,2,1,A/5 21171,40.80610771325722,B456,S
707,1,3,Passenger 707,female,33,1,0,A/5 21171,348.2835687016404,B456,Q
708,0,1,Passenger 708,female,1,2,0,A/5 21171,457.96068851237646,nan,C
709,0,2,Passenger 709,male,71,2,2,A/5 21171,329.63486069208625,nan,C
710,1,2,Passenger 710,male,39,1,2,A/5 21171,132.98682988692036,C123,S
711,0,3,Passenger 711,male,52,2,2,A/5 21171,334.2722480882599,C123,S
712,1,3,Passenger 712,male,25,0,2,A/5 21171,9.99600347564159,nan,Q
713,0,1,Passenger 713,male,1,2,2,A/5 21171,315.2407234767387,E789,Q
714,1,3,Passenger 714,female,38,0,1,A/5 21171,419.59231406531177,C123,S
715,0,3,Passenger 715,male,69,2,2,A/5 21171,275.9486689746058,E789,S
716,0,2,Passenger 716,male,62,0,1,A/5 21171,129.03786222405606,E789,S
717,1,1,Passenger 717,male,13,1,1,A/5 21171,135.97376682146836,nan,Q
718,1,1,Passenger 718,female,52,1,0,A/5 21171,31.43926132099187,E789,Q
719,0,2,Passenger 719,female,31,1,1,A/5 21171,299.8958682831755,E789,C
720,1,1,Passenger 720,male,9,2,1,A/5 21171,137.03783476380374,nan,Q
721,0,2,Passenger 721,male,29,2,2,A/5 21171,111.05155369309534,C123,S
722,0,2,Passenger 722,male,66,2,2,A/5 21171,312.3857196566748,B456,S
723,1,2,Passenger 723,female,61,1,0,A/5 21171,338.5668292644119,nan,C
724,0,1,Passenger 724,female,43,1,2,A/5 21171,254.12573546480255,nan,S
725,0,2,Passenger 725,male,20,1,0,A/5 21171,235.84671120283454,B456,S
726,1,2,Passenger 726,female,2,0,2,A/5 21171,490.8641705711137,B456,S
727,0,3,Passenger 727,male,1,2,1,A/5 21171,124.32515848711037,E789,S
728,1,3,Passenger 728,male,43,0,2,A/5 21171,487.53795289725775,E789,S
729,1,2,Passenger 729,male,2,1,0,A/5 21171,18.44349875118906,C123,S
730,1,1,Passenger 730,female,16,0,1,A/5 21171,387.3356614147645,nan,S
731,0,2,Passenger 731,male,74,1,1,A/5 21171,384.7828905531476,nan,C
732,1,3,Passenger 732,male,78,1,2,A/5 21171,389.8001570564828,B456,S
733,0,2,Passenger 733,female,56,1,2,A/5 21171,416.5195184372832,E789,C
734,0,2,Passenger 734,female,36,1,1,A/5 21171,238.3240909062739,B456,Q
735,0,1,Passenger 735,male,23,0,2,A/5 21171,216.95716310000574,B456,S
736,1,1,Passenger 736,female,79,2,0,A/5 21171,273.5433710657177,E789,C
737,1,2,Passenger 737,female,46,0,1,A/5 21171,424.7132283223389,E789,C
738,0,3,Passenger 738,male,15,0,1,A/5 21171,73.90805507717585,nan,Q
739,1,3,Passenger 739,male,33,2,0,A/5 21171,53.83467951549083,E789,C
740,0,3,Passenger 740,male,16,1,1,A/5 21171,250.34973911123524,C123,C
741,0,3,Passenger 741,male,74,0,2,A/5 21171,284.1972763458287,B456,S
742,0,3,Passenger 742,male,27,0,0,A/5 21171,272.5356085321291,B456,C
743,1,2,Passenger 743,male,13,0,1,A/5 21171,163.71945912832214,B456,S
744,0,2,Passenger 744,male,61,2,2,A/5 21171,176.1088052275572,nan,Q
745,1,1,Passenger 745,male,38,2,1,A/5 21171,60.68691422917232,nan,S
746,0,2,Passenger 746,male,70,0,2,A/5 21171,16.98821309716484,B456,Q
747,1,2,Passenger 747,male,59,2,2,A/5 21171,223.8216840274334,E789,Q
748,0,3,Passenger 748,male,45,2,0,A/5 21171,275.62484672472254,E789,C
749,0,1,Passenger 749,male,15,1,1,A/5 21171,69.4356393067372,C123,S
750,1,3,Passenger 750,female,17,0,2,A/5 21171,376.6239555007497,E789,S
751,0,1,Passenger 751,male,12,0,2,A/5 21171,4.084550387456465,C123,Q
752,0,1,Passenger 752,male,3,2,0,A/5 21171,68.10551599354623,C123,Q
753,0,2,Passenger 753,female,41,1,1,A/5 21171,235.03729322170386,E789,S
754,0,1,Passenger 754,male,43,2,0,A/5 21171,411.7162729758184,B456,Q
755,0,2,Passenger 755,male,44,1,2,A/5 21171,117.16525283466858,nan,S
756,0,2,Passenger 756,male,3,2,0,A/5 21171,196.7210349868342,nan,C
757,0,3,Passenger 757,male,43,0,0,A/5 21171,507.9994877213341,B456,Q
758,0,3,Passenger 758,female,69,1,1,A/5 21171,436.62988076717477,nan,S
759,0,2,Passenger 759,male,71,1,0,A/5 21171,73.19925680253559,nan,Q
760,1,2,Passenger 760,female,18,2,1,A/5 21171,241.71585407108716,B456,Q
761,0,1,Passenger 761,female,46,2,0,A/5 21171,373.96688252600296,C123,C
762,1,1,Passenger 762,female,35,2,1,A/5 21171,475.24789935267785,C123,S
763,0,2,Passenger 763,female,51,2,0,A/5 21171,343.30992122330366,C123,C
764,0,3,Passenger 764,male,60,0,0,A/5 21171,189.18459610353236,nan,C
765,0,3,Passenger 765,male,64,0,1,A/5 21171,207.73475028228773,E789,Q
766,0,1,Passenger 766,female,44,1,1,A/5 21171,342.6115015571081,B456,S
767,0,1,Passenger 767,male,23,0,1,A/5 21171,187.52264449980066,C123,C
768,0,1,Passenger 768,male,35,2,2,A/5 21171,9.644292714472448,C123,Q
769,0,2,Passenger 769,female,51,2,1,A/5 21171,212.90651736896882,C123,Q
770,1,2,Passenger 770,female,66,2,0,A/5 21171,31.17795410125721,B456,S
771,1,2,Passenger 771,male,17,0,1,A/5 21171,392.72174281782753,C123,C
772,0,3,Passenger 772,male,70,1,0,A/5 21171,374.3774372193284,C123,Q
773,1,2,Passenger 773,female,44,0,0,A/5 21171,258.3612823842225,nan,Q
774,1,1,Passenger 774,female,66,1,1,A/5 21171,230.93416870740572,B456,Q
775,0,3,Passenger 775,male,41,1,1,A/5 21171,204.5086754213387,C123,C
776,1,2,Passenger 776,female,47,2,1,A/5 21171,485.89808104273794,nan,Q
777,1,3,Passenger 777,male,15,1,2,A/5 21171,118.882023575876,C123,S
778,1,1,Passenger 778,male,45,2,1,A/5 21171,385.61086635068966,B456,S
779,1,3,Passenger 779,female,40,2,0,A/5 21171,167.3121467037886,E789,Q
780,1,1,Passenger 780,female,66,1,1,A/5 21171,60.38505756946912,E789,S
781,1,1,Passenger 781,male,77,2,2,A/5 21171,23.156513647069552,E789,S
782,0,1,Passenger 782,male,42,1,2,A/5 21171,437.06323545342286,C123,S
783,0,3,Passenger 783,male,46,1,1,A/5 21171,390.9334581120394,C123,S
784,0,1,Passenger 784,female,37,1,2,A/5 21171,288.0387075446998,C123,Q
785,1,1,Passenger 785,female,26,1,2,A/5 21171,60.14475948217684,C123,C
786,0,2,Passenger 786,female,12,2,0,A/5 21171,208.4307561013475,C123,S
787,1,3,Passenger 787,female,38,1,2,A/5 21171,411.8765950791416,B456,C
788,0,3,Passenger 788,female,60,2,2,A/5 21171,260.2222829099015,B456,S
789,1,2,Passenger 789,female,76,0,1,A/5 21171,417.676359013714,E789,C
790,0,2,Passenger 790,female,6,1,1,A/5 21171,315.58453089792397,B456,S
791,1,3,Passenger 791,female,44,1,0,A/5 21171,437.1660996825777,C123,Q
792,0,2,Passenger 792,male,14,1,1,A/5 21171,470.32119932538046,C123,S
793,0,2,Passenger 793,male,6,0,1,A/5 21171,127.1939205023362,nan,S
794,1,1,Passenger 794,female,61,0,0,A/5 21171,381.661747334865,E789,S
795,0,2,Passenger 795,male,15,2,0,A/5 21171,353.92594366995553,E789,C
796,0,3,Passenger 796,male,65,2,2,A/5 21171,376.582996301132,B456,C
797,0,1,Passenger 797,male,50,2,0,A/5 21171,165.90353908791752,C123,S
798,1,3,Passenger 798,female,22,1,1,A/5 21171,423.2796030617927,B456,C
799,0,1,Passenger 799,female,16,1,1,A/5 21171,273.4849554988541,B456,C
800,1,2,Passenger 800,male,61,2,0,A/5 21171,9.368750638066162,E789,S
801,1,1,Passenger 801,male,57,2,2,A/5 21171,83.80492006706979,nan,S
802,0,1,Passenger 802,female,74,0,0,A/5 21171,66.74298461604211,C123,Q
803,0,2,Passenger 803,male,41,0,0,A/5 21171,218.75553687657603,C123,C
804,1,1,Passenger 804,male,41,0,0,A/5 21171,438.06724898493013,C123,C
805,0,3,Passenger 805,female,49,1,0,A/5 21171,501.44489098865796,E789,C
806,1,3,Passenger 806,male,14,0,1,A/5 21171,199.2824276076725,E789,Q
807,1,1,Passenger 807,female,45,1,0,A/5 21171,380.19144628482974,C123,S
808,1,1,Passenger 808,female,36,0,0,A/5 21171,161.2164594016187,nan,Q
809,1,2,Passenger 809,female,5,0,1,A/5 21171,289.6365296567879,C123,Q
810,1,1,Passenger 810,male,34,2,0,A/5 21171,32.924105911722,B456,Q
811,0,2,Passenger 811,female,71,0,1,A/5 21171,265.31480726439855,B456,C
812,0,3,Passenger 812,female,6,2,1,A/5 21171,119.86594613685571,nan,Q
813,1,1,Passenger 813,female,31,1,1,A/5 21171,328.58974419177576,E789,Q
814,1,3,Passenger 814,female,47,2,1,A/5 21171,2.8394248923563192,E789,C
815,0,2,Passenger 815,female,27,2,0,A/5 21171,41.98240665155868,C123,Q
816,1,3,Passenger 816,male,30,0,2,A/5 21171,435.1310683340421,E789,S
817,1,2,Passenger 817,male,77,2,2,A/5 21171,486.4211489805152,B456,C
818,0,2,Passenger 818,male,79,2,0,A/5 21171,227.27433498234478,B456,C
819,0,3,Passenger 819,female,66,1,0,A/5 21171,203.89632491259252,C123,S
820,0,2,Passenger 820,male,36,0,1,A/5 21171,484.9261065451955,nan,Q
821,0,1,Passenger 821,female,5,2,2,A/5 21171,187.69107340257162,B456,C
822,1,2,Passenger 822,female,23,2,0,A/5 21171,13.289003699294124,B456,C
823,1,1,Passenger 823,male,20,0,2,A/5 21171,226.98516076283767,B456,Q
824,0,2,Passenger 824,male,12,0,1,A/5 21171,276.5749690937836,nan,Q
825,0,2,Passenger 825,female,61,0,2,A/5 21171,52.03241462173963,nan,S
826,0,3,Passenger 826,female,48,1,1,A/5 21171,395.63837666954055,nan,C
827,1,3,Passenger 827,female,31,0,0,A/5 21171,232.17939334420242,B456,Q
828,0,2,Passenger 828,female,48,1,1,A/5 21171,189.0436268767934,nan,C
829,1,2,Passenger 829,female,17,1,2,A/5 21171,66.11851291554865,C123,S
830,1,1,Passenger 830,female,43,0,1,A/5 21171,99.79305734951183,C123,C
831,1,2,Passenger 831,male,64,2,0,A/5 21171,200.73890371179928,B456,C
832,1,1,Passenger 832,female,49,2,1,A/5 21171,94.1358378514169,nan,S
833,1,1,Passenger 833,male,29,1,2,A/5 21171,392.7430989130671,B456,Q
834,0,1,Passenger 834,male,64,0,2,A/5 21171,356.5487547497495,nan,C
835,1,1,Passenger 835,male,67,2,1,A/5 21171,173.43283473137993,C123,C
836,0,2,Passenger 836,male,76,0,1,A/5 21171,205.45472875585696,nan,S
837,0,2,Passenger 837,male,17,2,1,A/5 21171,105.50424335671987,B456,C
838,1,3,Passenger 838,male,53,1,1,A/5 21171,511.5952864991565,B456,S
839,1,2,Passenger 839,female,10,0,1,A/5 21171,100.35464012859426,nan,Q
840,0,3,Passenger 840,female,52,0,1,A/5 21171,189.9092441427194,E789,C
841,1,3,Passenger 841,male,26,1,0,A/5 21171,419.2658715174359,E789,C
842,1,2,Passenger 842,female,6,0,2,A/5 21171,50.39989136433427,B456,Q
843,1,2,Passenger 843,male,7,1,2,A/5 21171,248.96812274857868,B456,S
844,1,1,Passenger 844,female,30,2,0,A/5 21171,379.10286585495294,nan,C
845,1,2,Passenger 845,male,60,1,0,A/5 21171,2.976312487208926,E789,C
846,1,2,Passenger 846,male,48,2,1,A/5 21171,320.6187874346459,C123,Q
847,0,1,Passenger 847,male,37,1,1,A/5 21171,80.9959268073399,C123,Q
848,0,3,Passenger 848,male,45,2,1,A/5 21171,89.97796066883876,nan,S
849,0,3,Passenger 849,female,28,0,2,A/5 21171,26.744975911194405,E789,Q
850,0,2,Passenger 850,male,38,0,1,A/5 21171,95.98030844883395,E789,Q
851,0,1,Passenger 851,female,49,0,1,A/5 21171,179.55206566730186,B456,Q
852,0,1,Passenger 852,male,52,2,2,A/5 21171,426.8271205292114,E789,Q
853,1,3,Passenger 853,female,79,2,1,A/5 21171,303.00800203164005,B456,C
854,0,3,Passenger 854,male,34,0,1,A/5 21171,203.13601483621915,nan,Q
855,0,3,Passenger 855,male,57,0,1,A/5 21171,30.732541389151592,nan,S
856,1,1,Passenger 856,female,62,0,2,A/5 21171,80.87847099140222,nan,Q
857,0,3,Passenger 857,female,13,0,2,A/5 21171,134.353887419599,E789,S
858,0,1,Passenger 858,male,22,2,1,A/5 21171,303.5050118440475,B456,S
859,0,1,Passenger 859,female,75,1,1,A/5 21171,208.77831770511864,C123,C
860,1,1,Passenger 860,female,42,1,1,A/5 21171,398.29201136839237,C123,C
861,0,2,Passenger 861,female,77,2,0,A/5 21171,169.59000842425104,C123,Q
862,1,1,Passenger 862,female,40,2,0,A/5 21171,259.7989762777818,E789,Q
863,0,2,Passenger 863,male,57,2,0,A/5 21171,164.2638442033932,C123,Q
864,0,3,Passenger 864,male,36,0,0,A/5 21171,229.08503538808233,nan,C
865,0,2,Passenger 865,female,30,1,2,A/5 21171,334.8564745438378,C123,Q
866,1,3,Passenger 866,male,9,2,1,A/5 21171,456.9482120704348,E789,S
867,1,3,Passenger 867,male,77,0,2,A/5 21171,483.08950614043295,B456,C
868,0,1,Passenger 868,female,72,0,0,A/5 21171,403.3508597083277,B456,Q
869,1,2,Passenger 869,male,68,1,0,A/5 21171,377.68176941642326,B456,S
870,1,1,Passenger 870,female,32,0,0,A/5 21171,335.26825191987615,B456,C
871,0,2,Passenger 871,male,65,1,1,A/5 21171,262.1089825571989,nan,Q
872,0,3,Passenger 872,female,33,0,2,A/5 21171,357.20513717821547,B456,S
873,1,1,Passenger 873,female,41,2,0,A/5 21171,89.84915192926958,E789,C
874,1,1,Passenger 874,female,71,1,0,A/5 21171,396.1063685674678,nan,C
875,1,1,Passenger 875,male,40,2,2,A/5 21171,173.8490789035312,C123,C
876,1,1,Passenger 876,male,33,2,0,A/5 21171,70.20147654227716,nan,S
877,1,1,Passenger 877,male,15,0,2,A/5 21171,179.00266666385795,E789,C
878,0,2,Passenger 878,female,18,1,1,A/5 21171,330.6091661468374,C123,C
879,1,2,Passenger 879,male,58,1,2,A/5 21171,99.35730563862464,B456,C
880,0,2,Passenger 880,female,35,2,2,A/5 21171,443.169567200228,E789,C
881,0,3,Passenger 881,female,15,2,0,A/5 21171,248.05119454870143,nan,S
882,0,1,Passenger 882,female,2,0,2,A/5 21171,503.88378895498704,C123,Q
883,0,1,Passenger 883,male,12,1,2,A/5 21171,8.165858103681359,nan,S
884,1,1,Passenger 884,female,27,0,0,A/5 21171,377.23468215994455,E789,S
885,0,1,Passenger 885,female,68,1,0,A/5 21171,100.12114165855284,C123,C
886,1,1,Passenger 886,male,12,0,0,A/5 21171,71.41239043168898,E789,S
887,1,2,Passenger 887,female,44,2,0,A/5 21171,434.59220555057726,E789,Q
888,1,1,Passenger 888,female,79,2,2,A/5 21171,325.124059763506,B456,S
889,0,2,Passenger 889,male,30,1,1,A/5 21171,46.32751631890548,E789,C
890,0,2,Passenger 890,male,72,1,0,A/5 21171,199.96211979908958,E789,S
891,0,1,Passenger 891,female,23,2,2,A/5 21171,496.57879488386095,nan,S
